<?xml version="1.0" encoding="UTF-8" standalone="yes"?>
<library-item xmlns="http://spotfire.tibco.com/ws/2008/12/library">
    <title>library</title>
    <item-type>
        <label>folder</label>
        <label-prefix>spotfire</label-prefix>
        <is-container>true</is-container>
    </item-type>
    <format-version>63.5.12126.5109</format-version>
    <created>2024-02-28T10:55:53.325-08:00</created>
    <modified>2024-02-28T10:55:53.325-08:00</modified>
    <children>
        <library-item>
            <id>a217799b-aa88-46f5-ad9d-9e39b571a582</id>
            <title>Information Package</title>
            <item-type>
                <label>folder</label>
                <label-prefix>spotfire</label-prefix>
                <is-container>true</is-container>
            </item-type>
            <created-by>Administrator@SPOTFIRE</created-by>
            <created>2022-12-12T14:03:36.000Z</created>
            <modified-by>Administrator@SPOTFIRE</modified-by>
            <modified>2024-02-28T18:13:26.000Z</modified>
            <accessed>2023-11-30T11:58:47.000Z</accessed>
            <properties/>
            <keywords/>
            <children>
                <library-item>
                    <id>97899af4-9012-466c-b3a7-8be98f4a7fae</id>
                    <title>Information Link</title>
                    <item-type>
                        <label>folder</label>
                        <label-prefix>spotfire</label-prefix>
                        <is-container>true</is-container>
                    </item-type>
                    <created-by>Administrator@SPOTFIRE</created-by>
                    <created>2022-12-12T14:05:00.000Z</created>
                    <modified-by>Administrator@SPOTFIRE</modified-by>
                    <modified>2024-02-28T18:13:30.000Z</modified>
                    <accessed>2023-11-30T11:58:47.000Z</accessed>
                    <properties/>
                    <keywords/>
                    <children>
                        <library-item>
                            <id>0c8a1165-6bb8-4fe3-a0c8-edaf60adc1f1</id>
                            <title>IL_DC_E_BULK_CM_DATA</title>
                            <item-type>
<label>query</label>
<label-prefix>spotfire</label-prefix>
<is-container>false</is-container>
<mime-type>application/xml</mime-type>
                            </item-type>
                            <created-by>Administrator@SPOTFIRE</created-by>
                            <created>2023-05-03T15:03:10.000Z</created>
                            <modified-by>Administrator@SPOTFIRE</modified-by>
                            <modified>2024-02-28T18:13:29.000Z</modified>
                            <accessed>2024-02-28T18:53:33.000Z</accessed>
                            <properties>
<property>
    <name>InformationLinkReference</name>
    <value>0c8a1165-6bb8-4fe3-a0c8-edaf60adc1f1</value>
</property>
                            </properties>
                            <keywords/>
                            <dependencies>
<dependency>
    <requiredid>78e6837f-7e47-4570-8551-12a2974bbf27</requiredid>
    <description>Column required by this query</description>
    <cascading-delete>false</cascading-delete>
</dependency>
<dependency>
    <requiredid>5231b13a-96e8-423d-bf72-e1f15ccde57c</requiredid>
    <description>Column required by this query</description>
    <cascading-delete>false</cascading-delete>
</dependency>
<dependency>
    <requiredid>9a9ac394-c189-42bd-b33d-42ba2f9ff0d8</requiredid>
    <description>Column required by this query</description>
    <cascading-delete>false</cascading-delete>
</dependency>
<dependency>
    <requiredid>0de6355d-0920-43e6-8d6f-04b3418358b3</requiredid>
    <description>Join required by this query</description>
    <cascading-delete>false</cascading-delete>
</dependency>
<dependency>
    <requiredid>fa8c5e36-a1f4-45d8-9ad5-1f22dac97d48</requiredid>
    <description>Column required by this query</description>
    <cascading-delete>false</cascading-delete>
</dependency>
<dependency>
    <requiredid>7b9fa634-fc20-47a9-99c7-5a7d8c7367c4</requiredid>
    <description>Column required by this query</description>
    <cascading-delete>false</cascading-delete>
</dependency>
<dependency>
    <requiredid>a88a3951-2ecd-4054-a0e3-a8778b1098f2</requiredid>
    <description>Column required by this query</description>
    <cascading-delete>false</cascading-delete>
</dependency>
<dependency>
    <requiredid>7508472b-abc4-4ed1-807a-52f9a27a2e53</requiredid>
    <description>Column required by this query</description>
    <cascading-delete>false</cascading-delete>
</dependency>
                            </dependencies>
                            <hidden>false</hidden>
                        </library-item>
                        <library-item>
                            <id>f0765021-a620-4afc-99b9-91702ddece4f</id>
                            <title>IL_DC_E_NR_NRCELLDU_V_DAY_PUSCH_Noise_Rise</title>
                            <item-type>
<label>query</label>
<label-prefix>spotfire</label-prefix>
<is-container>false</is-container>
<mime-type>application/xml</mime-type>
                            </item-type>
                            <created-by>Administrator@SPOTFIRE</created-by>
                            <created>2023-11-28T20:16:24.000Z</created>
                            <modified-by>Administrator@SPOTFIRE</modified-by>
                            <modified>2024-02-28T18:13:29.000Z</modified>
                            <accessed>2024-02-28T18:53:33.000Z</accessed>
                            <properties>
<property>
    <name>InformationLinkReference</name>
    <value>f0765021-a620-4afc-99b9-91702ddece4f</value>
</property>
                            </properties>
                            <keywords/>
                            <dependencies>
<dependency>
    <requiredid>c26c55d7-a8af-4d7c-9fce-e1893cc37b6f</requiredid>
    <description>Column required by this query</description>
    <cascading-delete>false</cascading-delete>
</dependency>
<dependency>
    <requiredid>f9afad6a-5444-4fdf-854c-4ab40a506de9</requiredid>
    <description>Column required by this query</description>
    <cascading-delete>false</cascading-delete>
</dependency>
<dependency>
    <requiredid>46b9c343-d401-43a8-aa08-ad52a12fbb30</requiredid>
    <description>Column required by this query</description>
    <cascading-delete>false</cascading-delete>
</dependency>
<dependency>
    <requiredid>9617ed19-5e3c-44f2-8d37-5574dd04db5e</requiredid>
    <description>Column required by this query</description>
    <cascading-delete>false</cascading-delete>
</dependency>
<dependency>
    <requiredid>5b885d91-2fb9-415a-9271-1d7cbc73248a</requiredid>
    <description>Column required by this query</description>
    <cascading-delete>false</cascading-delete>
</dependency>
<dependency>
    <requiredid>4d8f302b-25cb-4099-b57e-f91226de47d8</requiredid>
    <description>Column required by this query</description>
    <cascading-delete>false</cascading-delete>
</dependency>
<dependency>
    <requiredid>bddad569-5acd-4e09-85b0-a61f3a921a24</requiredid>
    <description>Column required by this query</description>
    <cascading-delete>false</cascading-delete>
</dependency>
<dependency>
    <requiredid>baeb8731-73a2-486e-964c-741dd940ee9c</requiredid>
    <description>Column required by this query</description>
    <cascading-delete>false</cascading-delete>
</dependency>
<dependency>
    <requiredid>309bf5e9-8cd0-43d4-8e91-d51b312419ff</requiredid>
    <description>Column required by this query</description>
    <cascading-delete>false</cascading-delete>
</dependency>
<dependency>
    <requiredid>94ed09e3-d405-4b6d-a0cf-fa85b517672d</requiredid>
    <description>Column required by this query</description>
    <cascading-delete>false</cascading-delete>
</dependency>
                            </dependencies>
                            <hidden>false</hidden>
                        </library-item>
                        <library-item>
                            <id>4aa2814c-c7a0-452a-955d-b3f60ef4322a</id>
                            <title>IL_DC_E_NR_NRCELLDU_V_RAW_PUSCH_DoD</title>
                            <item-type>
<label>query</label>
<label-prefix>spotfire</label-prefix>
<is-container>false</is-container>
<mime-type>application/xml</mime-type>
                            </item-type>
                            <created-by>Administrator@SPOTFIRE</created-by>
                            <created>2023-03-10T15:57:45.000Z</created>
                            <modified-by>Administrator@SPOTFIRE</modified-by>
                            <modified>2024-02-28T18:13:29.000Z</modified>
                            <accessed>2024-02-28T18:53:35.000Z</accessed>
                            <properties>
<property>
    <name>InformationLinkReference</name>
    <value>4aa2814c-c7a0-452a-955d-b3f60ef4322a</value>
</property>
                            </properties>
                            <keywords/>
                            <dependencies>
<dependency>
    <requiredid>499f1a53-39ef-48b6-aa8b-54f7dcb515e8</requiredid>
    <description>Column required by this query</description>
    <cascading-delete>false</cascading-delete>
</dependency>
<dependency>
    <requiredid>07c09882-58f5-45fd-a95a-f42d1e446c1a</requiredid>
    <description>Column required by this query</description>
    <cascading-delete>false</cascading-delete>
</dependency>
<dependency>
    <requiredid>e6bf0305-385f-4336-944f-89323f487ec0</requiredid>
    <description>Column required by this query</description>
    <cascading-delete>false</cascading-delete>
</dependency>
<dependency>
    <requiredid>d350a1e9-533e-4863-959d-f6694706ef4e</requiredid>
    <description>Column required by this query</description>
    <cascading-delete>false</cascading-delete>
</dependency>
<dependency>
    <requiredid>d541a678-3e9e-48c9-89b5-af34a39e2493</requiredid>
    <description>Column required by this query</description>
    <cascading-delete>false</cascading-delete>
</dependency>
<dependency>
    <requiredid>bc78a380-4728-41bc-88ed-b19433682930</requiredid>
    <description>Column required by this query</description>
    <cascading-delete>false</cascading-delete>
</dependency>
<dependency>
    <requiredid>6ee37c15-9329-491f-aacf-9f6891e3dd2f</requiredid>
    <description>Column required by this query</description>
    <cascading-delete>false</cascading-delete>
</dependency>
<dependency>
    <requiredid>9aa5bde3-d212-480e-8ab8-64f61d2d388f</requiredid>
    <description>Column required by this query</description>
    <cascading-delete>false</cascading-delete>
</dependency>
<dependency>
    <requiredid>a03d0b6d-d31e-4c60-93cc-979e1cc5b518</requiredid>
    <description>Column required by this query</description>
    <cascading-delete>false</cascading-delete>
</dependency>
<dependency>
    <requiredid>4f5e9e8b-e57b-4571-bf1e-d7f291f03cab</requiredid>
    <description>Column required by this query</description>
    <cascading-delete>false</cascading-delete>
</dependency>
<dependency>
    <requiredid>e8674aac-475d-446d-9c2b-5a2512d07ade</requiredid>
    <description>Column required by this query</description>
    <cascading-delete>false</cascading-delete>
</dependency>
                            </dependencies>
                            <hidden>false</hidden>
                        </library-item>
                        <library-item>
                            <id>361ab28f-1671-49e0-abf9-df42b122fdcb</id>
                            <title>IL_DC_E_NRCELLDU_V_RAW_PRB_DoD</title>
                            <item-type>
<label>query</label>
<label-prefix>spotfire</label-prefix>
<is-container>false</is-container>
<mime-type>application/xml</mime-type>
                            </item-type>
                            <created-by>Administrator@SPOTFIRE</created-by>
                            <created>2023-03-14T15:40:35.000Z</created>
                            <modified-by>Administrator@SPOTFIRE</modified-by>
                            <modified>2024-02-28T18:13:29.000Z</modified>
                            <accessed>2024-02-28T18:53:35.000Z</accessed>
                            <properties>
<property>
    <name>InformationLinkReference</name>
    <value>361ab28f-1671-49e0-abf9-df42b122fdcb</value>
</property>
                            </properties>
                            <keywords/>
                            <dependencies>
<dependency>
    <requiredid>499f1a53-39ef-48b6-aa8b-54f7dcb515e8</requiredid>
    <description>Column required by this query</description>
    <cascading-delete>false</cascading-delete>
</dependency>
<dependency>
    <requiredid>d350a1e9-533e-4863-959d-f6694706ef4e</requiredid>
    <description>Column required by this query</description>
    <cascading-delete>false</cascading-delete>
</dependency>
<dependency>
    <requiredid>07c09882-58f5-45fd-a95a-f42d1e446c1a</requiredid>
    <description>Column required by this query</description>
    <cascading-delete>false</cascading-delete>
</dependency>
<dependency>
    <requiredid>d541a678-3e9e-48c9-89b5-af34a39e2493</requiredid>
    <description>Column required by this query</description>
    <cascading-delete>false</cascading-delete>
</dependency>
<dependency>
    <requiredid>bc78a380-4728-41bc-88ed-b19433682930</requiredid>
    <description>Column required by this query</description>
    <cascading-delete>false</cascading-delete>
</dependency>
<dependency>
    <requiredid>6ee37c15-9329-491f-aacf-9f6891e3dd2f</requiredid>
    <description>Column required by this query</description>
    <cascading-delete>false</cascading-delete>
</dependency>
<dependency>
    <requiredid>a03d0b6d-d31e-4c60-93cc-979e1cc5b518</requiredid>
    <description>Column required by this query</description>
    <cascading-delete>false</cascading-delete>
</dependency>
<dependency>
    <requiredid>8299e295-ed61-4608-a6f9-f34ba2c69eae</requiredid>
    <description>Column required by this query</description>
    <cascading-delete>false</cascading-delete>
</dependency>
<dependency>
    <requiredid>4f5e9e8b-e57b-4571-bf1e-d7f291f03cab</requiredid>
    <description>Column required by this query</description>
    <cascading-delete>false</cascading-delete>
</dependency>
<dependency>
    <requiredid>e8674aac-475d-446d-9c2b-5a2512d07ade</requiredid>
    <description>Column required by this query</description>
    <cascading-delete>false</cascading-delete>
</dependency>
<dependency>
    <requiredid>2400a5af-f334-4094-8d42-277f6a0145b5</requiredid>
    <description>Column required by this query</description>
    <cascading-delete>false</cascading-delete>
</dependency>
                            </dependencies>
                            <hidden>false</hidden>
                        </library-item>
                        <library-item>
                            <id>281cead5-a2d7-45d3-832c-44fb25b2674b</id>
                            <title>IL_DC_E_NR_NRCELLDU_V_DAY_PUSCH_PRB</title>
                            <item-type>
<label>query</label>
<label-prefix>spotfire</label-prefix>
<is-container>false</is-container>
<mime-type>application/xml</mime-type>
                            </item-type>
                            <created-by>Administrator@SPOTFIRE</created-by>
                            <created>2023-11-28T20:18:31.000Z</created>
                            <modified-by>Administrator@SPOTFIRE</modified-by>
                            <modified>2024-02-28T18:13:30.000Z</modified>
                            <accessed>2024-02-28T18:53:33.000Z</accessed>
                            <properties>
<property>
    <name>InformationLinkReference</name>
    <value>281cead5-a2d7-45d3-832c-44fb25b2674b</value>
</property>
                            </properties>
                            <keywords/>
                            <dependencies>
<dependency>
    <requiredid>3982d8a3-55b9-4098-9b4f-81bc60edd5b5</requiredid>
    <description>Column required by this query</description>
    <cascading-delete>false</cascading-delete>
</dependency>
<dependency>
    <requiredid>c26c55d7-a8af-4d7c-9fce-e1893cc37b6f</requiredid>
    <description>Column required by this query</description>
    <cascading-delete>false</cascading-delete>
</dependency>
<dependency>
    <requiredid>f9afad6a-5444-4fdf-854c-4ab40a506de9</requiredid>
    <description>Column required by this query</description>
    <cascading-delete>false</cascading-delete>
</dependency>
<dependency>
    <requiredid>46b9c343-d401-43a8-aa08-ad52a12fbb30</requiredid>
    <description>Column required by this query</description>
    <cascading-delete>false</cascading-delete>
</dependency>
<dependency>
    <requiredid>9617ed19-5e3c-44f2-8d37-5574dd04db5e</requiredid>
    <description>Column required by this query</description>
    <cascading-delete>false</cascading-delete>
</dependency>
<dependency>
    <requiredid>762703c8-48f5-47dd-b065-20ab4d489ea8</requiredid>
    <description>Column required by this query</description>
    <cascading-delete>false</cascading-delete>
</dependency>
<dependency>
    <requiredid>4d8f302b-25cb-4099-b57e-f91226de47d8</requiredid>
    <description>Column required by this query</description>
    <cascading-delete>false</cascading-delete>
</dependency>
<dependency>
    <requiredid>5b885d91-2fb9-415a-9271-1d7cbc73248a</requiredid>
    <description>Column required by this query</description>
    <cascading-delete>false</cascading-delete>
</dependency>
<dependency>
    <requiredid>bddad569-5acd-4e09-85b0-a61f3a921a24</requiredid>
    <description>Column required by this query</description>
    <cascading-delete>false</cascading-delete>
</dependency>
<dependency>
    <requiredid>baeb8731-73a2-486e-964c-741dd940ee9c</requiredid>
    <description>Column required by this query</description>
    <cascading-delete>false</cascading-delete>
</dependency>
                            </dependencies>
                            <hidden>false</hidden>
                        </library-item>
                        <library-item>
                            <id>7327cb66-ae5a-424b-9619-301085257fe4</id>
                            <title>IL_DC_E_NRCELLDU_V_DAY_PRB_DoD_Node</title>
                            <item-type>
<label>query</label>
<label-prefix>spotfire</label-prefix>
<is-container>false</is-container>
<mime-type>application/xml</mime-type>
                            </item-type>
                            <created-by>Administrator@SPOTFIRE</created-by>
                            <created>2023-03-14T14:12:50.000Z</created>
                            <modified-by>Administrator@SPOTFIRE</modified-by>
                            <modified>2024-02-28T18:13:30.000Z</modified>
                            <accessed>2024-02-28T18:53:35.000Z</accessed>
                            <properties>
<property>
    <name>InformationLinkReference</name>
    <value>7327cb66-ae5a-424b-9619-301085257fe4</value>
</property>
                            </properties>
                            <keywords/>
                            <dependencies>
<dependency>
    <requiredid>c26c55d7-a8af-4d7c-9fce-e1893cc37b6f</requiredid>
    <description>Column required by this query</description>
    <cascading-delete>false</cascading-delete>
</dependency>
<dependency>
    <requiredid>f9afad6a-5444-4fdf-854c-4ab40a506de9</requiredid>
    <description>Column required by this query</description>
    <cascading-delete>false</cascading-delete>
</dependency>
<dependency>
    <requiredid>46b9c343-d401-43a8-aa08-ad52a12fbb30</requiredid>
    <description>Column required by this query</description>
    <cascading-delete>false</cascading-delete>
</dependency>
<dependency>
    <requiredid>9617ed19-5e3c-44f2-8d37-5574dd04db5e</requiredid>
    <description>Column required by this query</description>
    <cascading-delete>false</cascading-delete>
</dependency>
<dependency>
    <requiredid>5b885d91-2fb9-415a-9271-1d7cbc73248a</requiredid>
    <description>Column required by this query</description>
    <cascading-delete>false</cascading-delete>
</dependency>
<dependency>
    <requiredid>4d8f302b-25cb-4099-b57e-f91226de47d8</requiredid>
    <description>Column required by this query</description>
    <cascading-delete>false</cascading-delete>
</dependency>
<dependency>
    <requiredid>bddad569-5acd-4e09-85b0-a61f3a921a24</requiredid>
    <description>Column required by this query</description>
    <cascading-delete>false</cascading-delete>
</dependency>
<dependency>
    <requiredid>baeb8731-73a2-486e-964c-741dd940ee9c</requiredid>
    <description>Column required by this query</description>
    <cascading-delete>false</cascading-delete>
</dependency>
<dependency>
    <requiredid>309bf5e9-8cd0-43d4-8e91-d51b312419ff</requiredid>
    <description>Column required by this query</description>
    <cascading-delete>false</cascading-delete>
</dependency>
                            </dependencies>
                            <hidden>false</hidden>
                        </library-item>
                        <library-item>
                            <id>4113f9d5-7453-42cb-a32a-75ee8a89b44d</id>
                            <title>IL_DC_E_NR_NRCELLDU_V_DAY_PUSCH_PRB_Noise_Rise</title>
                            <item-type>
<label>query</label>
<label-prefix>spotfire</label-prefix>
<is-container>false</is-container>
<mime-type>application/xml</mime-type>
                            </item-type>
                            <created-by>Administrator@SPOTFIRE</created-by>
                            <created>2023-11-28T20:18:01.000Z</created>
                            <modified-by>Administrator@SPOTFIRE</modified-by>
                            <modified>2024-02-28T18:13:30.000Z</modified>
                            <accessed>2024-02-28T18:53:33.000Z</accessed>
                            <properties>
<property>
    <name>InformationLinkReference</name>
    <value>4113f9d5-7453-42cb-a32a-75ee8a89b44d</value>
</property>
                            </properties>
                            <keywords/>
                            <dependencies>
<dependency>
    <requiredid>c26c55d7-a8af-4d7c-9fce-e1893cc37b6f</requiredid>
    <description>Column required by this query</description>
    <cascading-delete>false</cascading-delete>
</dependency>
<dependency>
    <requiredid>f9afad6a-5444-4fdf-854c-4ab40a506de9</requiredid>
    <description>Column required by this query</description>
    <cascading-delete>false</cascading-delete>
</dependency>
<dependency>
    <requiredid>46b9c343-d401-43a8-aa08-ad52a12fbb30</requiredid>
    <description>Column required by this query</description>
    <cascading-delete>false</cascading-delete>
</dependency>
<dependency>
    <requiredid>9617ed19-5e3c-44f2-8d37-5574dd04db5e</requiredid>
    <description>Column required by this query</description>
    <cascading-delete>false</cascading-delete>
</dependency>
<dependency>
    <requiredid>5b885d91-2fb9-415a-9271-1d7cbc73248a</requiredid>
    <description>Column required by this query</description>
    <cascading-delete>false</cascading-delete>
</dependency>
<dependency>
    <requiredid>4d8f302b-25cb-4099-b57e-f91226de47d8</requiredid>
    <description>Column required by this query</description>
    <cascading-delete>false</cascading-delete>
</dependency>
<dependency>
    <requiredid>bddad569-5acd-4e09-85b0-a61f3a921a24</requiredid>
    <description>Column required by this query</description>
    <cascading-delete>false</cascading-delete>
</dependency>
<dependency>
    <requiredid>baeb8731-73a2-486e-964c-741dd940ee9c</requiredid>
    <description>Column required by this query</description>
    <cascading-delete>false</cascading-delete>
</dependency>
<dependency>
    <requiredid>309bf5e9-8cd0-43d4-8e91-d51b312419ff</requiredid>
    <description>Column required by this query</description>
    <cascading-delete>false</cascading-delete>
</dependency>
                            </dependencies>
                            <hidden>false</hidden>
                        </library-item>
                        <library-item>
                            <id>b8bde183-4b1a-4c3c-bb3d-1f539d557221</id>
                            <title>IL_DC_E_NR_NRCELLDU_V_DAY_PUSCH_DoD_Node</title>
                            <item-type>
<label>query</label>
<label-prefix>spotfire</label-prefix>
<is-container>false</is-container>
<mime-type>application/xml</mime-type>
                            </item-type>
                            <created-by>Administrator@SPOTFIRE</created-by>
                            <created>2023-03-14T14:15:17.000Z</created>
                            <modified-by>Administrator@SPOTFIRE</modified-by>
                            <modified>2024-02-28T18:13:30.000Z</modified>
                            <accessed>2024-02-28T18:53:35.000Z</accessed>
                            <properties>
<property>
    <name>InformationLinkReference</name>
    <value>b8bde183-4b1a-4c3c-bb3d-1f539d557221</value>
</property>
                            </properties>
                            <keywords/>
                            <dependencies>
<dependency>
    <requiredid>c26c55d7-a8af-4d7c-9fce-e1893cc37b6f</requiredid>
    <description>Column required by this query</description>
    <cascading-delete>false</cascading-delete>
</dependency>
<dependency>
    <requiredid>f9afad6a-5444-4fdf-854c-4ab40a506de9</requiredid>
    <description>Column required by this query</description>
    <cascading-delete>false</cascading-delete>
</dependency>
<dependency>
    <requiredid>46b9c343-d401-43a8-aa08-ad52a12fbb30</requiredid>
    <description>Column required by this query</description>
    <cascading-delete>false</cascading-delete>
</dependency>
<dependency>
    <requiredid>9617ed19-5e3c-44f2-8d37-5574dd04db5e</requiredid>
    <description>Column required by this query</description>
    <cascading-delete>false</cascading-delete>
</dependency>
<dependency>
    <requiredid>5b885d91-2fb9-415a-9271-1d7cbc73248a</requiredid>
    <description>Column required by this query</description>
    <cascading-delete>false</cascading-delete>
</dependency>
<dependency>
    <requiredid>4d8f302b-25cb-4099-b57e-f91226de47d8</requiredid>
    <description>Column required by this query</description>
    <cascading-delete>false</cascading-delete>
</dependency>
<dependency>
    <requiredid>bddad569-5acd-4e09-85b0-a61f3a921a24</requiredid>
    <description>Column required by this query</description>
    <cascading-delete>false</cascading-delete>
</dependency>
<dependency>
    <requiredid>baeb8731-73a2-486e-964c-741dd940ee9c</requiredid>
    <description>Column required by this query</description>
    <cascading-delete>false</cascading-delete>
</dependency>
<dependency>
    <requiredid>309bf5e9-8cd0-43d4-8e91-d51b312419ff</requiredid>
    <description>Column required by this query</description>
    <cascading-delete>false</cascading-delete>
</dependency>
<dependency>
    <requiredid>94ed09e3-d405-4b6d-a0cf-fa85b517672d</requiredid>
    <description>Column required by this query</description>
    <cascading-delete>false</cascading-delete>
</dependency>
                            </dependencies>
                            <hidden>false</hidden>
                        </library-item>
                        <library-item>
                            <id>4f08100c-6658-440a-9b4e-02e29a878a48</id>
                            <title>IL_DC_E_NR_NRCELLDU_V_DAY_PUSCH</title>
                            <item-type>
<label>query</label>
<label-prefix>spotfire</label-prefix>
<is-container>false</is-container>
<mime-type>application/xml</mime-type>
                            </item-type>
                            <created-by>Administrator@SPOTFIRE</created-by>
                            <created>2023-03-09T17:25:19.000Z</created>
                            <modified-by>Administrator@SPOTFIRE</modified-by>
                            <modified>2024-02-28T18:13:30.000Z</modified>
                            <accessed>2024-02-28T18:53:33.000Z</accessed>
                            <properties>
<property>
    <name>InformationLinkReference</name>
    <value>4f08100c-6658-440a-9b4e-02e29a878a48</value>
</property>
                            </properties>
                            <keywords/>
                            <dependencies>
<dependency>
    <requiredid>c26c55d7-a8af-4d7c-9fce-e1893cc37b6f</requiredid>
    <description>Column required by this query</description>
    <cascading-delete>false</cascading-delete>
</dependency>
<dependency>
    <requiredid>f9afad6a-5444-4fdf-854c-4ab40a506de9</requiredid>
    <description>Column required by this query</description>
    <cascading-delete>false</cascading-delete>
</dependency>
<dependency>
    <requiredid>46b9c343-d401-43a8-aa08-ad52a12fbb30</requiredid>
    <description>Column required by this query</description>
    <cascading-delete>false</cascading-delete>
</dependency>
<dependency>
    <requiredid>9617ed19-5e3c-44f2-8d37-5574dd04db5e</requiredid>
    <description>Column required by this query</description>
    <cascading-delete>false</cascading-delete>
</dependency>
<dependency>
    <requiredid>5b885d91-2fb9-415a-9271-1d7cbc73248a</requiredid>
    <description>Column required by this query</description>
    <cascading-delete>false</cascading-delete>
</dependency>
<dependency>
    <requiredid>4d8f302b-25cb-4099-b57e-f91226de47d8</requiredid>
    <description>Column required by this query</description>
    <cascading-delete>false</cascading-delete>
</dependency>
<dependency>
    <requiredid>bddad569-5acd-4e09-85b0-a61f3a921a24</requiredid>
    <description>Column required by this query</description>
    <cascading-delete>false</cascading-delete>
</dependency>
<dependency>
    <requiredid>baeb8731-73a2-486e-964c-741dd940ee9c</requiredid>
    <description>Column required by this query</description>
    <cascading-delete>false</cascading-delete>
</dependency>
<dependency>
    <requiredid>94ed09e3-d405-4b6d-a0cf-fa85b517672d</requiredid>
    <description>Column required by this query</description>
    <cascading-delete>false</cascading-delete>
</dependency>
                            </dependencies>
                            <hidden>false</hidden>
                        </library-item>
                        <library-item>
                            <id>ba12d659-6eed-4761-9b22-4ed978e025f5</id>
                            <title>IL_DC_E_NRCELLDU_V_RAW_DoD_Node</title>
                            <item-type>
<label>query</label>
<label-prefix>spotfire</label-prefix>
<is-container>false</is-container>
<mime-type>application/xml</mime-type>
                            </item-type>
                            <created-by>Administrator@SPOTFIRE</created-by>
                            <created>2023-02-28T16:22:01.000Z</created>
                            <modified-by>Administrator@SPOTFIRE</modified-by>
                            <modified>2024-02-28T18:13:29.000Z</modified>
                            <accessed>2024-02-28T18:53:35.000Z</accessed>
                            <properties>
<property>
    <name>InformationLinkReference</name>
    <value>ba12d659-6eed-4761-9b22-4ed978e025f5</value>
</property>
                            </properties>
                            <keywords/>
                            <dependencies>
<dependency>
    <requiredid>e6bf0305-385f-4336-944f-89323f487ec0</requiredid>
    <description>Column required by this query</description>
    <cascading-delete>false</cascading-delete>
</dependency>
<dependency>
    <requiredid>d541a678-3e9e-48c9-89b5-af34a39e2493</requiredid>
    <description>Column required by this query</description>
    <cascading-delete>false</cascading-delete>
</dependency>
<dependency>
    <requiredid>9aa5bde3-d212-480e-8ab8-64f61d2d388f</requiredid>
    <description>Column required by this query</description>
    <cascading-delete>false</cascading-delete>
</dependency>
<dependency>
    <requiredid>2400a5af-f334-4094-8d42-277f6a0145b5</requiredid>
    <description>Column required by this query</description>
    <cascading-delete>false</cascading-delete>
</dependency>
<dependency>
    <requiredid>499f1a53-39ef-48b6-aa8b-54f7dcb515e8</requiredid>
    <description>Column required by this query</description>
    <cascading-delete>false</cascading-delete>
</dependency>
<dependency>
    <requiredid>07c09882-58f5-45fd-a95a-f42d1e446c1a</requiredid>
    <description>Column required by this query</description>
    <cascading-delete>false</cascading-delete>
</dependency>
<dependency>
    <requiredid>d350a1e9-533e-4863-959d-f6694706ef4e</requiredid>
    <description>Column required by this query</description>
    <cascading-delete>false</cascading-delete>
</dependency>
<dependency>
    <requiredid>bc78a380-4728-41bc-88ed-b19433682930</requiredid>
    <description>Column required by this query</description>
    <cascading-delete>false</cascading-delete>
</dependency>
<dependency>
    <requiredid>6ee37c15-9329-491f-aacf-9f6891e3dd2f</requiredid>
    <description>Column required by this query</description>
    <cascading-delete>false</cascading-delete>
</dependency>
<dependency>
    <requiredid>a03d0b6d-d31e-4c60-93cc-979e1cc5b518</requiredid>
    <description>Column required by this query</description>
    <cascading-delete>false</cascading-delete>
</dependency>
<dependency>
    <requiredid>8299e295-ed61-4608-a6f9-f34ba2c69eae</requiredid>
    <description>Column required by this query</description>
    <cascading-delete>false</cascading-delete>
</dependency>
<dependency>
    <requiredid>0e07fe60-fb89-4bbb-8674-a1b03e6fa9ae</requiredid>
    <description>Column required by this query</description>
    <cascading-delete>false</cascading-delete>
</dependency>
<dependency>
    <requiredid>4f5e9e8b-e57b-4571-bf1e-d7f291f03cab</requiredid>
    <description>Column required by this query</description>
    <cascading-delete>false</cascading-delete>
</dependency>
<dependency>
    <requiredid>e8674aac-475d-446d-9c2b-5a2512d07ade</requiredid>
    <description>Column required by this query</description>
    <cascading-delete>false</cascading-delete>
</dependency>
                            </dependencies>
                            <hidden>false</hidden>
                        </library-item>
                    </children>
                    <hidden>false</hidden>
                </library-item>
                <library-item>
                    <id>b4b176a2-fa14-4be8-aacb-d58d6f401610</id>
                    <title>Columns</title>
                    <item-type>
                        <label>folder</label>
                        <label-prefix>spotfire</label-prefix>
                        <is-container>true</is-container>
                    </item-type>
                    <created-by>Administrator@SPOTFIRE</created-by>
                    <created>2022-10-11T09:36:52.000Z</created>
                    <modified-by>Administrator@SPOTFIRE</modified-by>
                    <modified>2024-02-28T18:13:26.000Z</modified>
                    <accessed>2023-11-30T11:58:47.000Z</accessed>
                    <properties/>
                    <keywords/>
                    <children>
                        <library-item>
                            <id>12840ff2-e5c9-4703-b36e-f35248ce4b1d</id>
                            <title>DC_E_BULK_CM_NRCELLDU_V_RAW</title>
                            <item-type>
<label>folder</label>
<label-prefix>spotfire</label-prefix>
<is-container>true</is-container>
                            </item-type>
                            <created-by>Administrator@SPOTFIRE</created-by>
                            <created>2023-05-03T14:50:11.000Z</created>
                            <modified-by>Administrator@SPOTFIRE</modified-by>
                            <modified>2024-02-28T18:13:27.000Z</modified>
                            <accessed>2023-11-30T11:58:47.000Z</accessed>
                            <properties/>
                            <keywords/>
                            <children>
<library-item>
    <id>5231b13a-96e8-423d-bf72-e1f15ccde57c</id>
    <title>bandListManual</title>
    <item-type>
        <label>column</label>
        <label-prefix>spotfire</label-prefix>
        <is-container>false</is-container>
        <mime-type>application/xml</mime-type>
    </item-type>
    <created-by>Administrator@SPOTFIRE</created-by>
    <created>2023-10-31T15:31:15.000Z</created>
    <modified-by>Administrator@SPOTFIRE</modified-by>
    <modified>2024-02-28T18:13:27.000Z</modified>
    <accessed>2024-02-28T18:53:33.000Z</accessed>
    <properties>
        <property>
            <name>datatype</name>
            <value>integer</value>
        </property>
        <property>
            <name>column</name>
            <value>bandListManual</value>
        </property>
        <property>
            <name>table</name>
            <value>DC_E_BULK_CM_NRCELLDU_V_RAW</value>
        </property>
    </properties>
    <keywords/>
    <dependencies>
        <dependency>
            <requiredid>0e81554f-ed55-498d-836c-d5f8ddbcfe7d</requiredid>
            <description>Data source required by this column</description>
            <cascading-delete>false</cascading-delete>
        </dependency>
    </dependencies>
    <hidden>false</hidden>
</library-item>
<library-item>
    <id>7508472b-abc4-4ed1-807a-52f9a27a2e53</id>
    <title>bandList</title>
    <item-type>
        <label>column</label>
        <label-prefix>spotfire</label-prefix>
        <is-container>false</is-container>
        <mime-type>application/xml</mime-type>
    </item-type>
    <created-by>Administrator@SPOTFIRE</created-by>
    <created>2023-10-31T15:31:15.000Z</created>
    <modified-by>Administrator@SPOTFIRE</modified-by>
    <modified>2024-02-28T18:13:27.000Z</modified>
    <accessed>2024-02-28T18:53:33.000Z</accessed>
    <properties>
        <property>
            <name>datatype</name>
            <value>integer</value>
        </property>
        <property>
            <name>column</name>
            <value>bandList</value>
        </property>
        <property>
            <name>table</name>
            <value>DC_E_BULK_CM_NRCELLDU_V_RAW</value>
        </property>
    </properties>
    <keywords/>
    <dependencies>
        <dependency>
            <requiredid>0e81554f-ed55-498d-836c-d5f8ddbcfe7d</requiredid>
            <description>Data source required by this column</description>
            <cascading-delete>false</cascading-delete>
        </dependency>
    </dependencies>
    <hidden>false</hidden>
</library-item>
<library-item>
    <id>900d9d81-51d3-4a93-a40f-311bed6b7345</id>
    <title>nRSectorCarrierRef</title>
    <item-type>
        <label>column</label>
        <label-prefix>spotfire</label-prefix>
        <is-container>false</is-container>
        <mime-type>application/xml</mime-type>
    </item-type>
    <created-by>Administrator@SPOTFIRE</created-by>
    <created>2023-05-03T14:50:20.000Z</created>
    <modified-by>Administrator@SPOTFIRE</modified-by>
    <modified>2024-02-28T18:13:27.000Z</modified>
    <accessed>2024-02-28T18:13:27.000Z</accessed>
    <properties>
        <property>
            <name>datatype</name>
            <value>string</value>
        </property>
        <property>
            <name>column</name>
            <value>nRSectorCarrierRef</value>
        </property>
        <property>
            <name>table</name>
            <value>DC_E_BULK_CM_NRCELLDU_V_RAW</value>
        </property>
    </properties>
    <keywords/>
    <dependencies>
        <dependency>
            <requiredid>0e81554f-ed55-498d-836c-d5f8ddbcfe7d</requiredid>
            <description>Data source required by this column</description>
            <cascading-delete>false</cascading-delete>
        </dependency>
    </dependencies>
    <hidden>false</hidden>
</library-item>
<library-item>
    <id>9bc7048c-e940-470a-b727-7c92b457ccf1</id>
    <title>DATE_ID</title>
    <item-type>
        <label>column</label>
        <label-prefix>spotfire</label-prefix>
        <is-container>false</is-container>
        <mime-type>application/xml</mime-type>
    </item-type>
    <created-by>Administrator@SPOTFIRE</created-by>
    <created>2023-05-03T14:50:20.000Z</created>
    <modified-by>Administrator@SPOTFIRE</modified-by>
    <modified>2024-02-28T18:13:27.000Z</modified>
    <accessed>2024-02-28T18:13:27.000Z</accessed>
    <properties>
        <property>
            <name>datatype</name>
            <value>date</value>
        </property>
        <property>
            <name>column</name>
            <value>DATE_ID</value>
        </property>
        <property>
            <name>table</name>
            <value>DC_E_BULK_CM_NRCELLDU_RAW</value>
        </property>
    </properties>
    <keywords/>
    <dependencies>
        <dependency>
            <requiredid>0e81554f-ed55-498d-836c-d5f8ddbcfe7d</requiredid>
            <description>Data source required by this column</description>
            <cascading-delete>false</cascading-delete>
        </dependency>
    </dependencies>
    <hidden>false</hidden>
</library-item>
<library-item>
    <id>7b9fa634-fc20-47a9-99c7-5a7d8c7367c4</id>
    <title>NRCellDU</title>
    <item-type>
        <label>column</label>
        <label-prefix>spotfire</label-prefix>
        <is-container>false</is-container>
        <mime-type>application/xml</mime-type>
    </item-type>
    <created-by>Administrator@SPOTFIRE</created-by>
    <created>2023-05-03T14:50:20.000Z</created>
    <modified-by>Administrator@SPOTFIRE</modified-by>
    <modified>2024-02-28T18:13:27.000Z</modified>
    <accessed>2024-02-28T18:53:33.000Z</accessed>
    <properties>
        <property>
            <name>datatype</name>
            <value>string</value>
        </property>
        <property>
            <name>column</name>
            <value>NRCellDU</value>
        </property>
        <property>
            <name>table</name>
            <value>DC_E_BULK_CM_NRCELLDU_V_RAW</value>
        </property>
    </properties>
    <keywords/>
    <dependencies>
        <dependency>
            <requiredid>0e81554f-ed55-498d-836c-d5f8ddbcfe7d</requiredid>
            <description>Data source required by this column</description>
            <cascading-delete>false</cascading-delete>
        </dependency>
    </dependencies>
    <hidden>false</hidden>
</library-item>
                            </children>
                            <hidden>false</hidden>
                        </library-item>
                        <library-item>
                            <id>584077bf-e322-432a-866a-537aa02f21fe</id>
                            <title>DC_E_NR_NRCELLDU_V_RAW</title>
                            <item-type>
<label>folder</label>
<label-prefix>spotfire</label-prefix>
<is-container>true</is-container>
                            </item-type>
                            <created-by>Administrator@SPOTFIRE</created-by>
                            <created>2022-10-18T13:01:29.000Z</created>
                            <modified-by>Administrator@SPOTFIRE</modified-by>
                            <modified>2024-02-28T18:13:28.000Z</modified>
                            <accessed>2023-11-30T11:58:47.000Z</accessed>
                            <properties/>
                            <keywords/>
                            <children>
<library-item>
    <id>e8674aac-475d-446d-9c2b-5a2512d07ade</id>
    <title>NRCellDU</title>
    <item-type>
        <label>column</label>
        <label-prefix>spotfire</label-prefix>
        <is-container>false</is-container>
        <mime-type>application/xml</mime-type>
    </item-type>
    <created-by>Administrator@SPOTFIRE</created-by>
    <created>2022-10-19T10:02:07.000Z</created>
    <modified-by>Administrator@SPOTFIRE</modified-by>
    <modified>2024-02-28T18:13:27.000Z</modified>
    <accessed>2024-02-28T18:53:35.000Z</accessed>
    <properties>
        <property>
            <name>datatype</name>
            <value>string</value>
        </property>
        <property>
            <name>column</name>
            <value>NRCellDU</value>
        </property>
        <property>
            <name>table</name>
            <value>DC_E_NR_NRCELLDU_V_RAW</value>
        </property>
    </properties>
    <keywords/>
    <dependencies>
        <dependency>
            <requiredid>0e81554f-ed55-498d-836c-d5f8ddbcfe7d</requiredid>
            <description>Data source required by this column</description>
            <cascading-delete>false</cascading-delete>
        </dependency>
    </dependencies>
    <hidden>false</hidden>
</library-item>
<library-item>
    <id>a03d0b6d-d31e-4c60-93cc-979e1cc5b518</id>
    <title>NR_NAME</title>
    <item-type>
        <label>column</label>
        <label-prefix>spotfire</label-prefix>
        <is-container>false</is-container>
        <mime-type>application/xml</mime-type>
    </item-type>
    <created-by>Administrator@SPOTFIRE</created-by>
    <created>2022-10-19T10:02:07.000Z</created>
    <modified-by>Administrator@SPOTFIRE</modified-by>
    <modified>2024-02-28T18:13:27.000Z</modified>
    <accessed>2024-02-28T18:53:35.000Z</accessed>
    <properties>
        <property>
            <name>datatype</name>
            <value>string</value>
        </property>
        <property>
            <name>column</name>
            <value>NR_NAME</value>
        </property>
        <property>
            <name>table</name>
            <value>DC_E_NR_NRCELLDU_V_RAW</value>
        </property>
    </properties>
    <keywords/>
    <dependencies>
        <dependency>
            <requiredid>0e81554f-ed55-498d-836c-d5f8ddbcfe7d</requiredid>
            <description>Data source required by this column</description>
            <cascading-delete>false</cascading-delete>
        </dependency>
    </dependencies>
    <hidden>false</hidden>
</library-item>
<library-item>
    <id>e6bf0305-385f-4336-944f-89323f487ec0</id>
    <title>HOUR_ID</title>
    <item-type>
        <label>column</label>
        <label-prefix>spotfire</label-prefix>
        <is-container>false</is-container>
        <mime-type>application/xml</mime-type>
    </item-type>
    <created-by>Administrator@SPOTFIRE</created-by>
    <created>2022-11-29T16:11:53.000Z</created>
    <modified-by>Administrator@SPOTFIRE</modified-by>
    <modified>2024-02-28T18:13:27.000Z</modified>
    <accessed>2024-02-28T18:53:35.000Z</accessed>
    <properties>
        <property>
            <name>datatype</name>
            <value>integer</value>
        </property>
        <property>
            <name>column</name>
            <value>HOUR_ID</value>
        </property>
        <property>
            <name>table</name>
            <value>DC_E_NR_NRCELLDU_V_RAW</value>
        </property>
    </properties>
    <keywords/>
    <dependencies>
        <dependency>
            <requiredid>0e81554f-ed55-498d-836c-d5f8ddbcfe7d</requiredid>
            <description>Data source required by this column</description>
            <cascading-delete>false</cascading-delete>
        </dependency>
    </dependencies>
    <hidden>false</hidden>
</library-item>
<library-item>
    <id>0e07fe60-fb89-4bbb-8674-a1b03e6fa9ae</id>
    <title>UTC_DATETIME_ID</title>
    <item-type>
        <label>column</label>
        <label-prefix>spotfire</label-prefix>
        <is-container>false</is-container>
        <mime-type>application/xml</mime-type>
    </item-type>
    <created-by>Administrator@SPOTFIRE</created-by>
    <created>2022-10-19T10:02:07.000Z</created>
    <modified-by>Administrator@SPOTFIRE</modified-by>
    <modified>2024-02-28T18:13:27.000Z</modified>
    <accessed>2024-02-28T18:53:35.000Z</accessed>
    <properties>
        <property>
            <name>datatype</name>
            <value>datetime</value>
        </property>
        <property>
            <name>column</name>
            <value>UTC_DATETIME_ID</value>
        </property>
        <property>
            <name>table</name>
            <value>DC_E_NR_NRCELLDU_V_RAW</value>
        </property>
    </properties>
    <keywords/>
    <dependencies>
        <dependency>
            <requiredid>0e81554f-ed55-498d-836c-d5f8ddbcfe7d</requiredid>
            <description>Data source required by this column</description>
            <cascading-delete>false</cascading-delete>
        </dependency>
    </dependencies>
    <hidden>false</hidden>
</library-item>
<library-item>
    <id>9aa5bde3-d212-480e-8ab8-64f61d2d388f</id>
    <title>pmRadioRecInterferencePowerDistr</title>
    <item-type>
        <label>column</label>
        <label-prefix>spotfire</label-prefix>
        <is-container>false</is-container>
        <mime-type>application/xml</mime-type>
    </item-type>
    <created-by>Administrator@SPOTFIRE</created-by>
    <created>2022-10-19T10:02:07.000Z</created>
    <modified-by>Administrator@SPOTFIRE</modified-by>
    <modified>2024-02-28T18:13:27.000Z</modified>
    <accessed>2024-02-28T18:53:35.000Z</accessed>
    <properties>
        <property>
            <name>datatype</name>
            <value>real</value>
        </property>
        <property>
            <name>column</name>
            <value>pmRadioRecInterferencePowerDistr</value>
        </property>
        <property>
            <name>table</name>
            <value>DC_E_NR_NRCELLDU_V_RAW</value>
        </property>
    </properties>
    <keywords/>
    <dependencies>
        <dependency>
            <requiredid>0e81554f-ed55-498d-836c-d5f8ddbcfe7d</requiredid>
            <description>Data source required by this column</description>
            <cascading-delete>false</cascading-delete>
        </dependency>
    </dependencies>
    <hidden>false</hidden>
</library-item>
<library-item>
    <id>07c09882-58f5-45fd-a95a-f42d1e446c1a</id>
    <title>DCVECTOR_INDEX</title>
    <item-type>
        <label>column</label>
        <label-prefix>spotfire</label-prefix>
        <is-container>false</is-container>
        <mime-type>application/xml</mime-type>
    </item-type>
    <created-by>Administrator@SPOTFIRE</created-by>
    <created>2022-10-19T10:02:07.000Z</created>
    <modified-by>Administrator@SPOTFIRE</modified-by>
    <modified>2024-02-28T18:13:27.000Z</modified>
    <accessed>2024-02-28T18:53:35.000Z</accessed>
    <properties>
        <property>
            <name>datatype</name>
            <value>integer</value>
        </property>
        <property>
            <name>column</name>
            <value>DCVECTOR_INDEX</value>
        </property>
        <property>
            <name>table</name>
            <value>DC_E_NR_NRCELLDU_V_RAW</value>
        </property>
    </properties>
    <keywords/>
    <dependencies>
        <dependency>
            <requiredid>0e81554f-ed55-498d-836c-d5f8ddbcfe7d</requiredid>
            <description>Data source required by this column</description>
            <cascading-delete>false</cascading-delete>
        </dependency>
    </dependencies>
    <hidden>false</hidden>
</library-item>
<library-item>
    <id>bc78a380-4728-41bc-88ed-b19433682930</id>
    <title>GNBDUFunction</title>
    <item-type>
        <label>column</label>
        <label-prefix>spotfire</label-prefix>
        <is-container>false</is-container>
        <mime-type>application/xml</mime-type>
    </item-type>
    <created-by>Administrator@SPOTFIRE</created-by>
    <created>2022-10-19T10:02:07.000Z</created>
    <modified-by>Administrator@SPOTFIRE</modified-by>
    <modified>2024-02-28T18:13:28.000Z</modified>
    <accessed>2024-02-28T18:53:35.000Z</accessed>
    <properties>
        <property>
            <name>datatype</name>
            <value>string</value>
        </property>
        <property>
            <name>column</name>
            <value>GNBDUFunction</value>
        </property>
        <property>
            <name>table</name>
            <value>DC_E_NR_NRCELLDU_V_RAW</value>
        </property>
    </properties>
    <keywords/>
    <dependencies>
        <dependency>
            <requiredid>0e81554f-ed55-498d-836c-d5f8ddbcfe7d</requiredid>
            <description>Data source required by this column</description>
            <cascading-delete>false</cascading-delete>
        </dependency>
    </dependencies>
    <hidden>false</hidden>
</library-item>
<library-item>
    <id>8299e295-ed61-4608-a6f9-f34ba2c69eae</id>
    <title>pmRadioRecInterferenceNoOfEventsPrbDistr</title>
    <item-type>
        <label>column</label>
        <label-prefix>spotfire</label-prefix>
        <is-container>false</is-container>
        <mime-type>application/xml</mime-type>
    </item-type>
    <created-by>Administrator@SPOTFIRE</created-by>
    <created>2022-10-19T10:02:07.000Z</created>
    <modified-by>Administrator@SPOTFIRE</modified-by>
    <modified>2024-02-28T18:13:28.000Z</modified>
    <accessed>2024-02-28T18:53:35.000Z</accessed>
    <properties>
        <property>
            <name>datatype</name>
            <value>longinteger</value>
        </property>
        <property>
            <name>column</name>
            <value>pmRadioRecInterferenceNoOfEventsPrbDistr</value>
        </property>
        <property>
            <name>table</name>
            <value>DC_E_NR_NRCELLDU_V_RAW</value>
        </property>
    </properties>
    <keywords/>
    <dependencies>
        <dependency>
            <requiredid>0e81554f-ed55-498d-836c-d5f8ddbcfe7d</requiredid>
            <description>Data source required by this column</description>
            <cascading-delete>false</cascading-delete>
        </dependency>
    </dependencies>
    <hidden>false</hidden>
</library-item>
<library-item>
    <id>6ee37c15-9329-491f-aacf-9f6891e3dd2f</id>
    <title>SN</title>
    <item-type>
        <label>column</label>
        <label-prefix>spotfire</label-prefix>
        <is-container>false</is-container>
        <mime-type>application/xml</mime-type>
    </item-type>
    <created-by>Administrator@SPOTFIRE</created-by>
    <created>2022-10-19T10:02:07.000Z</created>
    <modified-by>Administrator@SPOTFIRE</modified-by>
    <modified>2024-02-28T18:13:28.000Z</modified>
    <accessed>2024-02-28T18:53:35.000Z</accessed>
    <properties>
        <property>
            <name>datatype</name>
            <value>string</value>
        </property>
        <property>
            <name>column</name>
            <value>SN</value>
        </property>
        <property>
            <name>table</name>
            <value>DC_E_NR_NRCELLDU_V_RAW</value>
        </property>
    </properties>
    <keywords/>
    <dependencies>
        <dependency>
            <requiredid>0e81554f-ed55-498d-836c-d5f8ddbcfe7d</requiredid>
            <description>Data source required by this column</description>
            <cascading-delete>false</cascading-delete>
        </dependency>
    </dependencies>
    <hidden>false</hidden>
</library-item>
<library-item>
    <id>d541a678-3e9e-48c9-89b5-af34a39e2493</id>
    <title>MOID</title>
    <item-type>
        <label>column</label>
        <label-prefix>spotfire</label-prefix>
        <is-container>false</is-container>
        <mime-type>application/xml</mime-type>
    </item-type>
    <created-by>Administrator@SPOTFIRE</created-by>
    <created>2022-10-19T10:02:07.000Z</created>
    <modified-by>Administrator@SPOTFIRE</modified-by>
    <modified>2024-02-28T18:13:28.000Z</modified>
    <accessed>2024-02-28T18:53:35.000Z</accessed>
    <properties>
        <property>
            <name>datatype</name>
            <value>string</value>
        </property>
        <property>
            <name>column</name>
            <value>MOID</value>
        </property>
        <property>
            <name>table</name>
            <value>DC_E_NR_NRCELLDU_V_RAW</value>
        </property>
    </properties>
    <keywords/>
    <dependencies>
        <dependency>
            <requiredid>0e81554f-ed55-498d-836c-d5f8ddbcfe7d</requiredid>
            <description>Data source required by this column</description>
            <cascading-delete>false</cascading-delete>
        </dependency>
    </dependencies>
    <hidden>false</hidden>
</library-item>
<library-item>
    <id>2400a5af-f334-4094-8d42-277f6a0145b5</id>
    <title>pmRadioRecInterferencePwrSumPrbDistr</title>
    <item-type>
        <label>column</label>
        <label-prefix>spotfire</label-prefix>
        <is-container>false</is-container>
        <mime-type>application/xml</mime-type>
    </item-type>
    <created-by>Administrator@SPOTFIRE</created-by>
    <created>2022-10-19T10:02:07.000Z</created>
    <modified-by>Administrator@SPOTFIRE</modified-by>
    <modified>2024-02-28T18:13:28.000Z</modified>
    <accessed>2024-02-28T18:53:35.000Z</accessed>
    <properties>
        <property>
            <name>datatype</name>
            <value>longinteger</value>
        </property>
        <property>
            <name>column</name>
            <value>pmRadioRecInterferencePwrSumPrbDistr</value>
        </property>
        <property>
            <name>table</name>
            <value>DC_E_NR_NRCELLDU_V_RAW</value>
        </property>
    </properties>
    <keywords/>
    <dependencies>
        <dependency>
            <requiredid>0e81554f-ed55-498d-836c-d5f8ddbcfe7d</requiredid>
            <description>Data source required by this column</description>
            <cascading-delete>false</cascading-delete>
        </dependency>
    </dependencies>
    <hidden>false</hidden>
</library-item>
<library-item>
    <id>4f5e9e8b-e57b-4571-bf1e-d7f291f03cab</id>
    <title>DATE_ID</title>
    <item-type>
        <label>column</label>
        <label-prefix>spotfire</label-prefix>
        <is-container>false</is-container>
        <mime-type>application/xml</mime-type>
    </item-type>
    <created-by>Administrator@SPOTFIRE</created-by>
    <created>2022-10-21T12:02:37.000Z</created>
    <modified-by>Administrator@SPOTFIRE</modified-by>
    <modified>2024-02-28T18:13:28.000Z</modified>
    <accessed>2024-02-28T18:53:35.000Z</accessed>
    <properties>
        <property>
            <name>datatype</name>
            <value>date</value>
        </property>
        <property>
            <name>column</name>
            <value>DATE_ID</value>
        </property>
        <property>
            <name>table</name>
            <value>DC_E_NR_NRCELLDU_V_RAW</value>
        </property>
    </properties>
    <keywords/>
    <dependencies>
        <dependency>
            <requiredid>0e81554f-ed55-498d-836c-d5f8ddbcfe7d</requiredid>
            <description>Data source required by this column</description>
            <cascading-delete>false</cascading-delete>
        </dependency>
    </dependencies>
    <hidden>false</hidden>
</library-item>
<library-item>
    <id>499f1a53-39ef-48b6-aa8b-54f7dcb515e8</id>
    <title>OSS_ID</title>
    <item-type>
        <label>column</label>
        <label-prefix>spotfire</label-prefix>
        <is-container>false</is-container>
        <mime-type>application/xml</mime-type>
    </item-type>
    <created-by>Administrator@SPOTFIRE</created-by>
    <created>2022-10-19T10:02:07.000Z</created>
    <modified-by>Administrator@SPOTFIRE</modified-by>
    <modified>2024-02-28T18:13:28.000Z</modified>
    <accessed>2024-02-28T18:53:35.000Z</accessed>
    <properties>
        <property>
            <name>datatype</name>
            <value>string</value>
        </property>
        <property>
            <name>column</name>
            <value>OSS_ID</value>
        </property>
        <property>
            <name>table</name>
            <value>DC_E_NR_NRCELLDU_V_RAW</value>
        </property>
    </properties>
    <keywords/>
    <dependencies>
        <dependency>
            <requiredid>0e81554f-ed55-498d-836c-d5f8ddbcfe7d</requiredid>
            <description>Data source required by this column</description>
            <cascading-delete>false</cascading-delete>
        </dependency>
    </dependencies>
    <hidden>false</hidden>
</library-item>
<library-item>
    <id>d350a1e9-533e-4863-959d-f6694706ef4e</id>
    <title>DATETIME_ID</title>
    <item-type>
        <label>column</label>
        <label-prefix>spotfire</label-prefix>
        <is-container>false</is-container>
        <mime-type>application/xml</mime-type>
    </item-type>
    <created-by>Administrator@SPOTFIRE</created-by>
    <created>2023-11-03T15:25:16.000Z</created>
    <modified-by>Administrator@SPOTFIRE</modified-by>
    <modified>2024-02-28T18:13:27.000Z</modified>
    <accessed>2024-02-28T18:53:35.000Z</accessed>
    <properties>
        <property>
            <name>datatype</name>
            <value>datetime</value>
        </property>
        <property>
            <name>column</name>
            <value>DATETIME_ID</value>
        </property>
        <property>
            <name>table</name>
            <value>DC_E_NR_NRCELLDU_V_RAW</value>
        </property>
    </properties>
    <keywords/>
    <dependencies>
        <dependency>
            <requiredid>0e81554f-ed55-498d-836c-d5f8ddbcfe7d</requiredid>
            <description>Data source required by this column</description>
            <cascading-delete>false</cascading-delete>
        </dependency>
    </dependencies>
    <hidden>false</hidden>
</library-item>
                            </children>
                            <hidden>false</hidden>
                        </library-item>
                        <library-item>
                            <id>32bb4ecd-6e78-42c8-8f18-bedd122e73e3</id>
                            <title>DC_E_BULK_CM_NRSECTORCARRIER_RAW</title>
                            <item-type>
<label>folder</label>
<label-prefix>spotfire</label-prefix>
<is-container>true</is-container>
                            </item-type>
                            <created-by>Administrator@SPOTFIRE</created-by>
                            <created>2023-05-03T14:45:44.000Z</created>
                            <modified-by>Administrator@SPOTFIRE</modified-by>
                            <modified>2024-02-28T18:13:28.000Z</modified>
                            <accessed>2023-11-30T11:58:47.000Z</accessed>
                            <properties/>
                            <keywords/>
                            <children>
<library-item>
    <id>78e6837f-7e47-4570-8551-12a2974bbf27</id>
    <title>frequencyUL</title>
    <item-type>
        <label>column</label>
        <label-prefix>spotfire</label-prefix>
        <is-container>false</is-container>
        <mime-type>application/xml</mime-type>
    </item-type>
    <created-by>Administrator@SPOTFIRE</created-by>
    <created>2023-05-03T16:34:46.000Z</created>
    <modified-by>Administrator@SPOTFIRE</modified-by>
    <modified>2024-02-28T18:13:28.000Z</modified>
    <accessed>2024-02-28T18:53:33.000Z</accessed>
    <properties>
        <property>
            <name>datatype</name>
            <value>integer</value>
        </property>
        <property>
            <name>column</name>
            <value>frequencyUL</value>
        </property>
        <property>
            <name>table</name>
            <value>DC_E_BULK_CM_NRSECTORCARRIER_RAW</value>
        </property>
    </properties>
    <keywords/>
    <dependencies>
        <dependency>
            <requiredid>0e81554f-ed55-498d-836c-d5f8ddbcfe7d</requiredid>
            <description>Data source required by this column</description>
            <cascading-delete>false</cascading-delete>
        </dependency>
    </dependencies>
    <hidden>false</hidden>
</library-item>
<library-item>
    <id>a88a3951-2ecd-4054-a0e3-a8778b1098f2</id>
    <title>arfcnUL</title>
    <item-type>
        <label>column</label>
        <label-prefix>spotfire</label-prefix>
        <is-container>false</is-container>
        <mime-type>application/xml</mime-type>
    </item-type>
    <created-by>Administrator@SPOTFIRE</created-by>
    <created>2023-05-03T14:45:55.000Z</created>
    <modified-by>Administrator@SPOTFIRE</modified-by>
    <modified>2024-02-28T18:13:28.000Z</modified>
    <accessed>2024-02-28T18:53:33.000Z</accessed>
    <properties>
        <property>
            <name>datatype</name>
            <value>integer</value>
        </property>
        <property>
            <name>column</name>
            <value>arfcnUL</value>
        </property>
        <property>
            <name>table</name>
            <value>DC_E_BULK_CM_NRSECTORCARRIER_RAW</value>
        </property>
    </properties>
    <keywords/>
    <dependencies>
        <dependency>
            <requiredid>0e81554f-ed55-498d-836c-d5f8ddbcfe7d</requiredid>
            <description>Data source required by this column</description>
            <cascading-delete>false</cascading-delete>
        </dependency>
    </dependencies>
    <hidden>false</hidden>
</library-item>
<library-item>
    <id>bcc3a36f-4839-430e-af81-5b13b3070c21</id>
    <title>NRSectorCarrier</title>
    <item-type>
        <label>column</label>
        <label-prefix>spotfire</label-prefix>
        <is-container>false</is-container>
        <mime-type>application/xml</mime-type>
    </item-type>
    <created-by>Administrator@SPOTFIRE</created-by>
    <created>2023-05-03T14:45:56.000Z</created>
    <modified-by>Administrator@SPOTFIRE</modified-by>
    <modified>2024-02-28T18:13:28.000Z</modified>
    <accessed>2024-02-28T18:13:28.000Z</accessed>
    <properties>
        <property>
            <name>datatype</name>
            <value>string</value>
        </property>
        <property>
            <name>column</name>
            <value>NRSectorCarrier</value>
        </property>
        <property>
            <name>table</name>
            <value>DC_E_BULK_CM_NRSECTORCARRIER_RAW</value>
        </property>
    </properties>
    <keywords/>
    <dependencies>
        <dependency>
            <requiredid>0e81554f-ed55-498d-836c-d5f8ddbcfe7d</requiredid>
            <description>Data source required by this column</description>
            <cascading-delete>false</cascading-delete>
        </dependency>
    </dependencies>
    <hidden>false</hidden>
</library-item>
<library-item>
    <id>9a9ac394-c189-42bd-b33d-42ba2f9ff0d8</id>
    <title>bSChannelBwUL</title>
    <item-type>
        <label>column</label>
        <label-prefix>spotfire</label-prefix>
        <is-container>false</is-container>
        <mime-type>application/xml</mime-type>
    </item-type>
    <created-by>Administrator@SPOTFIRE</created-by>
    <created>2023-05-03T14:45:56.000Z</created>
    <modified-by>Administrator@SPOTFIRE</modified-by>
    <modified>2024-02-28T18:13:28.000Z</modified>
    <accessed>2024-02-28T18:53:33.000Z</accessed>
    <properties>
        <property>
            <name>datatype</name>
            <value>integer</value>
        </property>
        <property>
            <name>column</name>
            <value>bSChannelBwUL</value>
        </property>
        <property>
            <name>table</name>
            <value>DC_E_BULK_CM_NRSECTORCARRIER_RAW</value>
        </property>
    </properties>
    <keywords/>
    <dependencies>
        <dependency>
            <requiredid>0e81554f-ed55-498d-836c-d5f8ddbcfe7d</requiredid>
            <description>Data source required by this column</description>
            <cascading-delete>false</cascading-delete>
        </dependency>
    </dependencies>
    <hidden>false</hidden>
</library-item>
<library-item>
    <id>fa8c5e36-a1f4-45d8-9ad5-1f22dac97d48</id>
    <title>DATE_ID</title>
    <item-type>
        <label>column</label>
        <label-prefix>spotfire</label-prefix>
        <is-container>false</is-container>
        <mime-type>application/xml</mime-type>
    </item-type>
    <created-by>Administrator@SPOTFIRE</created-by>
    <created>2023-05-03T14:45:56.000Z</created>
    <modified-by>Administrator@SPOTFIRE</modified-by>
    <modified>2024-02-28T18:13:28.000Z</modified>
    <accessed>2024-02-28T18:53:33.000Z</accessed>
    <properties>
        <property>
            <name>datatype</name>
            <value>date</value>
        </property>
        <property>
            <name>column</name>
            <value>DATE_ID</value>
        </property>
        <property>
            <name>table</name>
            <value>DC_E_BULK_CM_NRSECTORCARRIER_RAW</value>
        </property>
    </properties>
    <keywords/>
    <dependencies>
        <dependency>
            <requiredid>0e81554f-ed55-498d-836c-d5f8ddbcfe7d</requiredid>
            <description>Data source required by this column</description>
            <cascading-delete>false</cascading-delete>
        </dependency>
    </dependencies>
    <hidden>false</hidden>
</library-item>
                            </children>
                            <hidden>false</hidden>
                        </library-item>
                        <library-item>
                            <id>eedb0fa6-9508-4c73-983d-e6ea2b3e4526</id>
                            <title>DC_E_NR_NRCELLDU_V_DAY_Counter</title>
                            <item-type>
<label>folder</label>
<label-prefix>spotfire</label-prefix>
<is-container>true</is-container>
                            </item-type>
                            <created-by>Administrator@SPOTFIRE</created-by>
                            <created>2023-12-27T17:16:09.000Z</created>
                            <modified-by>Administrator@SPOTFIRE</modified-by>
                            <modified>2024-02-28T18:13:28.000Z</modified>
                            <accessed>2023-12-27T21:54:50.000Z</accessed>
                            <properties/>
                            <keywords/>
                            <children>
<library-item>
    <id>309bf5e9-8cd0-43d4-8e91-d51b312419ff</id>
    <title>pmRadioRecInterferencePwrSumPrbDistr</title>
    <item-type>
        <label>column</label>
        <label-prefix>spotfire</label-prefix>
        <is-container>false</is-container>
        <mime-type>application/xml</mime-type>
    </item-type>
    <created-by>Administrator@SPOTFIRE</created-by>
    <created>2023-12-27T17:24:29.000Z</created>
    <modified-by>Administrator@SPOTFIRE</modified-by>
    <modified>2024-02-28T18:13:28.000Z</modified>
    <accessed>2024-02-28T18:53:35.000Z</accessed>
    <properties>
        <property>
            <name>datatype</name>
            <value>real</value>
        </property>
        <property>
            <name>column</name>
            <value>pmRadioRecInterferencePwrSumPrbDistr</value>
        </property>
        <property>
            <name>table</name>
            <value>DC_E_NR_NRCELLDU_V_DAY</value>
        </property>
    </properties>
    <keywords/>
    <dependencies>
        <dependency>
            <requiredid>0e81554f-ed55-498d-836c-d5f8ddbcfe7d</requiredid>
            <description>Data source required by this column</description>
            <cascading-delete>false</cascading-delete>
        </dependency>
    </dependencies>
    <hidden>false</hidden>
</library-item>
                            </children>
                            <hidden>false</hidden>
                        </library-item>
                        <library-item>
                            <id>1d720f78-958c-4587-8a76-461862ea3574</id>
                            <title>DC_E_NR_NRCELLDU_V_DAY</title>
                            <item-type>
<label>folder</label>
<label-prefix>spotfire</label-prefix>
<is-container>true</is-container>
                            </item-type>
                            <created-by>Administrator@SPOTFIRE</created-by>
                            <created>2022-10-11T09:41:16.000Z</created>
                            <modified-by>Administrator@SPOTFIRE</modified-by>
                            <modified>2024-02-28T18:13:29.000Z</modified>
                            <accessed>2023-11-30T11:58:47.000Z</accessed>
                            <properties/>
                            <keywords/>
                            <children>
<library-item>
    <id>762703c8-48f5-47dd-b065-20ab4d489ea8</id>
    <title>pmRadioRecInterferencePwrSumPrbDistr</title>
    <item-type>
        <label>column</label>
        <label-prefix>spotfire</label-prefix>
        <is-container>false</is-container>
        <mime-type>application/xml</mime-type>
    </item-type>
    <created-by>Administrator@SPOTFIRE</created-by>
    <created>2022-10-19T10:04:33.000Z</created>
    <modified-by>Administrator@SPOTFIRE</modified-by>
    <modified>2024-02-28T18:13:28.000Z</modified>
    <accessed>2024-02-28T18:53:33.000Z</accessed>
    <properties>
        <property>
            <name>datatype</name>
            <value>longinteger</value>
        </property>
        <property>
            <name>column</name>
            <value>pmRadioRecInterferencePwrSumPrbDistr</value>
        </property>
        <property>
            <name>table</name>
            <value>DC_E_NR_NRCELLDU_V_DAY</value>
        </property>
    </properties>
    <keywords/>
    <dependencies>
        <dependency>
            <requiredid>0e81554f-ed55-498d-836c-d5f8ddbcfe7d</requiredid>
            <description>Data source required by this column</description>
            <cascading-delete>false</cascading-delete>
        </dependency>
    </dependencies>
    <hidden>false</hidden>
</library-item>
<library-item>
    <id>4d8f302b-25cb-4099-b57e-f91226de47d8</id>
    <title>OSS_ID</title>
    <item-type>
        <label>column</label>
        <label-prefix>spotfire</label-prefix>
        <is-container>false</is-container>
        <mime-type>application/xml</mime-type>
    </item-type>
    <created-by>Administrator@SPOTFIRE</created-by>
    <created>2022-10-19T10:04:33.000Z</created>
    <modified-by>Administrator@SPOTFIRE</modified-by>
    <modified>2024-02-28T18:13:28.000Z</modified>
    <accessed>2024-02-28T18:53:35.000Z</accessed>
    <properties>
        <property>
            <name>datatype</name>
            <value>string</value>
        </property>
        <property>
            <name>column</name>
            <value>OSS_ID</value>
        </property>
        <property>
            <name>table</name>
            <value>DC_E_NR_NRCELLDU_V_DAY</value>
        </property>
    </properties>
    <keywords/>
    <dependencies>
        <dependency>
            <requiredid>0e81554f-ed55-498d-836c-d5f8ddbcfe7d</requiredid>
            <description>Data source required by this column</description>
            <cascading-delete>false</cascading-delete>
        </dependency>
    </dependencies>
    <hidden>false</hidden>
</library-item>
<library-item>
    <id>3982d8a3-55b9-4098-9b4f-81bc60edd5b5</id>
    <title>pmRadioRecInterferenceNoOfEventsPrbDistr</title>
    <item-type>
        <label>column</label>
        <label-prefix>spotfire</label-prefix>
        <is-container>false</is-container>
        <mime-type>application/xml</mime-type>
    </item-type>
    <created-by>Administrator@SPOTFIRE</created-by>
    <created>2022-10-19T10:04:33.000Z</created>
    <modified-by>Administrator@SPOTFIRE</modified-by>
    <modified>2024-02-28T18:13:28.000Z</modified>
    <accessed>2024-02-28T18:53:33.000Z</accessed>
    <properties>
        <property>
            <name>datatype</name>
            <value>longinteger</value>
        </property>
        <property>
            <name>column</name>
            <value>pmRadioRecInterferenceNoOfEventsPrbDistr</value>
        </property>
        <property>
            <name>table</name>
            <value>DC_E_NR_NRCELLDU_V_DAY</value>
        </property>
    </properties>
    <keywords/>
    <dependencies>
        <dependency>
            <requiredid>0e81554f-ed55-498d-836c-d5f8ddbcfe7d</requiredid>
            <description>Data source required by this column</description>
            <cascading-delete>false</cascading-delete>
        </dependency>
    </dependencies>
    <hidden>false</hidden>
</library-item>
<library-item>
    <id>f9afad6a-5444-4fdf-854c-4ab40a506de9</id>
    <title>MOID</title>
    <item-type>
        <label>column</label>
        <label-prefix>spotfire</label-prefix>
        <is-container>false</is-container>
        <mime-type>application/xml</mime-type>
    </item-type>
    <created-by>Administrator@SPOTFIRE</created-by>
    <created>2022-10-19T10:04:33.000Z</created>
    <modified-by>Administrator@SPOTFIRE</modified-by>
    <modified>2024-02-28T18:13:29.000Z</modified>
    <accessed>2024-02-28T18:53:35.000Z</accessed>
    <properties>
        <property>
            <name>datatype</name>
            <value>string</value>
        </property>
        <property>
            <name>column</name>
            <value>MOID</value>
        </property>
        <property>
            <name>table</name>
            <value>DC_E_NR_NRCELLDU_V_DAY</value>
        </property>
    </properties>
    <keywords/>
    <dependencies>
        <dependency>
            <requiredid>0e81554f-ed55-498d-836c-d5f8ddbcfe7d</requiredid>
            <description>Data source required by this column</description>
            <cascading-delete>false</cascading-delete>
        </dependency>
    </dependencies>
    <hidden>false</hidden>
</library-item>
<library-item>
    <id>46b9c343-d401-43a8-aa08-ad52a12fbb30</id>
    <title>SN</title>
    <item-type>
        <label>column</label>
        <label-prefix>spotfire</label-prefix>
        <is-container>false</is-container>
        <mime-type>application/xml</mime-type>
    </item-type>
    <created-by>Administrator@SPOTFIRE</created-by>
    <created>2022-10-19T10:04:33.000Z</created>
    <modified-by>Administrator@SPOTFIRE</modified-by>
    <modified>2024-02-28T18:13:29.000Z</modified>
    <accessed>2024-02-28T18:53:35.000Z</accessed>
    <properties>
        <property>
            <name>datatype</name>
            <value>string</value>
        </property>
        <property>
            <name>column</name>
            <value>SN</value>
        </property>
        <property>
            <name>table</name>
            <value>DC_E_NR_NRCELLDU_V_DAY</value>
        </property>
    </properties>
    <keywords/>
    <dependencies>
        <dependency>
            <requiredid>0e81554f-ed55-498d-836c-d5f8ddbcfe7d</requiredid>
            <description>Data source required by this column</description>
            <cascading-delete>false</cascading-delete>
        </dependency>
    </dependencies>
    <hidden>false</hidden>
</library-item>
<library-item>
    <id>94ed09e3-d405-4b6d-a0cf-fa85b517672d</id>
    <title>pmRadioRecInterferencePowerDistr</title>
    <item-type>
        <label>column</label>
        <label-prefix>spotfire</label-prefix>
        <is-container>false</is-container>
        <mime-type>application/xml</mime-type>
    </item-type>
    <created-by>Administrator@SPOTFIRE</created-by>
    <created>2022-10-19T10:04:33.000Z</created>
    <modified-by>Administrator@SPOTFIRE</modified-by>
    <modified>2024-02-28T18:13:29.000Z</modified>
    <accessed>2024-02-28T18:53:35.000Z</accessed>
    <properties>
        <property>
            <name>datatype</name>
            <value>real</value>
        </property>
        <property>
            <name>column</name>
            <value>pmRadioRecInterferencePowerDistr</value>
        </property>
        <property>
            <name>table</name>
            <value>DC_E_NR_NRCELLDU_V_DAY</value>
        </property>
    </properties>
    <keywords/>
    <dependencies>
        <dependency>
            <requiredid>0e81554f-ed55-498d-836c-d5f8ddbcfe7d</requiredid>
            <description>Data source required by this column</description>
            <cascading-delete>false</cascading-delete>
        </dependency>
    </dependencies>
    <hidden>false</hidden>
</library-item>
<library-item>
    <id>c26c55d7-a8af-4d7c-9fce-e1893cc37b6f</id>
    <title>DATE_ID</title>
    <item-type>
        <label>column</label>
        <label-prefix>spotfire</label-prefix>
        <is-container>false</is-container>
        <mime-type>application/xml</mime-type>
    </item-type>
    <created-by>Administrator@SPOTFIRE</created-by>
    <created>2022-10-19T10:04:33.000Z</created>
    <modified-by>Administrator@SPOTFIRE</modified-by>
    <modified>2024-02-28T18:13:29.000Z</modified>
    <accessed>2024-02-28T18:53:35.000Z</accessed>
    <properties>
        <property>
            <name>datatype</name>
            <value>date</value>
        </property>
        <property>
            <name>column</name>
            <value>DATE_ID</value>
        </property>
        <property>
            <name>table</name>
            <value>DC_E_NR_NRCELLDU_V_DAY</value>
        </property>
    </properties>
    <keywords/>
    <dependencies>
        <dependency>
            <requiredid>0e81554f-ed55-498d-836c-d5f8ddbcfe7d</requiredid>
            <description>Data source required by this column</description>
            <cascading-delete>false</cascading-delete>
        </dependency>
    </dependencies>
    <hidden>false</hidden>
</library-item>
<library-item>
    <id>5b885d91-2fb9-415a-9271-1d7cbc73248a</id>
    <title>GNBDUFunction</title>
    <item-type>
        <label>column</label>
        <label-prefix>spotfire</label-prefix>
        <is-container>false</is-container>
        <mime-type>application/xml</mime-type>
    </item-type>
    <created-by>Administrator@SPOTFIRE</created-by>
    <created>2022-10-19T10:04:33.000Z</created>
    <modified-by>Administrator@SPOTFIRE</modified-by>
    <modified>2024-02-28T18:13:29.000Z</modified>
    <accessed>2024-02-28T18:53:35.000Z</accessed>
    <properties>
        <property>
            <name>datatype</name>
            <value>string</value>
        </property>
        <property>
            <name>column</name>
            <value>GNBDUFunction</value>
        </property>
        <property>
            <name>table</name>
            <value>DC_E_NR_NRCELLDU_V_DAY</value>
        </property>
    </properties>
    <keywords/>
    <dependencies>
        <dependency>
            <requiredid>0e81554f-ed55-498d-836c-d5f8ddbcfe7d</requiredid>
            <description>Data source required by this column</description>
            <cascading-delete>false</cascading-delete>
        </dependency>
    </dependencies>
    <hidden>false</hidden>
</library-item>
<library-item>
    <id>bddad569-5acd-4e09-85b0-a61f3a921a24</id>
    <title>NRCellDU</title>
    <item-type>
        <label>column</label>
        <label-prefix>spotfire</label-prefix>
        <is-container>false</is-container>
        <mime-type>application/xml</mime-type>
    </item-type>
    <created-by>Administrator@SPOTFIRE</created-by>
    <created>2022-10-19T10:04:33.000Z</created>
    <modified-by>Administrator@SPOTFIRE</modified-by>
    <modified>2024-02-28T18:13:29.000Z</modified>
    <accessed>2024-02-28T18:53:35.000Z</accessed>
    <properties>
        <property>
            <name>datatype</name>
            <value>string</value>
        </property>
        <property>
            <name>column</name>
            <value>NRCellDU</value>
        </property>
        <property>
            <name>table</name>
            <value>DC_E_NR_NRCELLDU_V_DAY</value>
        </property>
    </properties>
    <keywords/>
    <dependencies>
        <dependency>
            <requiredid>0e81554f-ed55-498d-836c-d5f8ddbcfe7d</requiredid>
            <description>Data source required by this column</description>
            <cascading-delete>false</cascading-delete>
        </dependency>
    </dependencies>
    <hidden>false</hidden>
</library-item>
<library-item>
    <id>baeb8731-73a2-486e-964c-741dd940ee9c</id>
    <title>DCVECTOR_INDEX</title>
    <item-type>
        <label>column</label>
        <label-prefix>spotfire</label-prefix>
        <is-container>false</is-container>
        <mime-type>application/xml</mime-type>
    </item-type>
    <created-by>Administrator@SPOTFIRE</created-by>
    <created>2022-10-19T10:04:33.000Z</created>
    <modified-by>Administrator@SPOTFIRE</modified-by>
    <modified>2024-02-28T18:13:29.000Z</modified>
    <accessed>2024-02-28T18:53:35.000Z</accessed>
    <properties>
        <property>
            <name>datatype</name>
            <value>integer</value>
        </property>
        <property>
            <name>column</name>
            <value>DCVECTOR_INDEX</value>
        </property>
        <property>
            <name>table</name>
            <value>DC_E_NR_NRCELLDU_V_DAY</value>
        </property>
    </properties>
    <keywords/>
    <dependencies>
        <dependency>
            <requiredid>0e81554f-ed55-498d-836c-d5f8ddbcfe7d</requiredid>
            <description>Data source required by this column</description>
            <cascading-delete>false</cascading-delete>
        </dependency>
    </dependencies>
    <hidden>false</hidden>
</library-item>
<library-item>
    <id>9617ed19-5e3c-44f2-8d37-5574dd04db5e</id>
    <title>NR_NAME</title>
    <item-type>
        <label>column</label>
        <label-prefix>spotfire</label-prefix>
        <is-container>false</is-container>
        <mime-type>application/xml</mime-type>
    </item-type>
    <created-by>Administrator@SPOTFIRE</created-by>
    <created>2022-10-19T10:04:33.000Z</created>
    <modified-by>Administrator@SPOTFIRE</modified-by>
    <modified>2024-02-28T18:13:29.000Z</modified>
    <accessed>2024-02-28T18:53:35.000Z</accessed>
    <properties>
        <property>
            <name>datatype</name>
            <value>string</value>
        </property>
        <property>
            <name>column</name>
            <value>NR_NAME</value>
        </property>
        <property>
            <name>table</name>
            <value>DC_E_NR_NRCELLDU_V_DAY</value>
        </property>
    </properties>
    <keywords/>
    <dependencies>
        <dependency>
            <requiredid>0e81554f-ed55-498d-836c-d5f8ddbcfe7d</requiredid>
            <description>Data source required by this column</description>
            <cascading-delete>false</cascading-delete>
        </dependency>
    </dependencies>
    <hidden>false</hidden>
</library-item>
                            </children>
                            <hidden>false</hidden>
                        </library-item>
                    </children>
                    <hidden>false</hidden>
                </library-item>
                <library-item>
                    <id>c7fb60fd-3a2c-4e58-aaa7-9a289e14d095</id>
                    <title>Joins</title>
                    <item-type>
                        <label>folder</label>
                        <label-prefix>spotfire</label-prefix>
                        <is-container>true</is-container>
                    </item-type>
                    <created-by>Administrator@SPOTFIRE</created-by>
                    <created>2023-05-03T14:57:13.000Z</created>
                    <modified-by>Administrator@SPOTFIRE</modified-by>
                    <modified>2024-02-28T18:13:29.000Z</modified>
                    <accessed>2023-11-30T11:58:47.000Z</accessed>
                    <properties/>
                    <keywords/>
                    <children>
                        <library-item>
                            <id>0de6355d-0920-43e6-8d6f-04b3418358b3</id>
                            <title>DC_E_BULK_CM_NRCELLDU_V_RAW - DC_E_BULK_CM_NRSECTORCARRIER_RAW  Left Outer Join</title>
                            <item-type>
<label>join</label>
<label-prefix>spotfire</label-prefix>
<is-container>false</is-container>
<mime-type>application/xml</mime-type>
                            </item-type>
                            <created-by>Administrator@SPOTFIRE</created-by>
                            <created>2023-05-03T14:57:34.000Z</created>
                            <modified-by>Administrator@SPOTFIRE</modified-by>
                            <modified>2024-02-28T18:13:29.000Z</modified>
                            <accessed>2024-02-28T18:53:33.000Z</accessed>
                            <properties>
<property>
    <name>column</name>
    <value>NRSectorCarrier</value>
</property>
<property>
    <name>column</name>
    <value>nRSectorCarrierRef</value>
</property>
<property>
    <name>SF6f6dc7e:JoinType</name>
    <value>LeftOuterJoin</value>
</property>
<property>
    <name>table</name>
    <value>DC_E_BULK_CM_NRCELLDU_V_RAW</value>
</property>
<property>
    <name>table</name>
    <value>DC_E_BULK_CM_NRSECTORCARRIER_RAW</value>
</property>
                            </properties>
                            <keywords/>
                            <dependencies>
<dependency>
    <requiredid>0e81554f-ed55-498d-836c-d5f8ddbcfe7d</requiredid>
    <description>Data source required by this column</description>
    <cascading-delete>false</cascading-delete>
</dependency>
                            </dependencies>
                            <hidden>false</hidden>
                        </library-item>
                    </children>
                    <hidden>false</hidden>
                </library-item>
            </children>
            <hidden>false</hidden>
        </library-item>
    </children>
    <hidden>false</hidden>
</library-item>
